IMG/imagem2256.jpg,0.25105818271636965,-0.0
IMG/imagem2257.jpg,0.22063679218292237,-0.0
IMG/imagem2258.jpg,0.38976962804794313,-0.2938926661014557
IMG/imagem2259.jpg,0.4092730593681336,-0.13540968596935274
IMG/imagem2260.jpg,0.4092730593681336,-0.0
IMG/imagem2261.jpg,0.4348573398590088,-0.0
IMG/imagem2262.jpg,0.4517652368545533,-0.10790579915046693
IMG/imagem2263.jpg,0.49445301771163946,-0.549164366722107
IMG/imagem2264.jpg,0.5248744082450867,-0.5309115242958069
IMG/imagem2265.jpg,0.4883687233924866,-0.567417209148407
IMG/imagem2266.jpg,0.5306687426567078,-0.5700768232345581
IMG/imagem2267.jpg,0.5187901544570923,-0.5795857977867127
IMG/imagem2268.jpg,0.5187901544570923,-0.5430801129341126
IMG/imagem2269.jpg,0.5309587025642395,-0.46398444890975954
IMG/imagem2270.jpg,0.5248744082450867,-0.42747876405715945
IMG/imagem2271.jpg,0.4640315866470337,-0.4153101754188538
IMG/imagem2272.jpg,0.519396824836731,-0.4629934620857239
IMG/imagem2273.jpg,0.5309587025642395,-0.0
IMG/imagem2274.jpg,0.5431272506713868,-0.0
IMG/imagem2275.jpg,0.5492115449905396,-0.0
IMG/imagem2276.jpg,0.5701205158233643,0.06286176979541779
IMG/imagem2277.jpg,0.5701205158233643,0.05722580075263978
IMG/imagem2278.jpg,0.5187901544570923,0.21455249786376954
IMG/imagem2279.jpg,0.5187901544570923,0.007686946988105774
IMG/imagem2280.jpg,-0.0,-0.0
IMG/imagem2281.jpg,0.27539531946182255,0.025939789414405823
IMG/imagem2282.jpg,0.4031888055801392,-0.0
IMG/imagem2283.jpg,0.4517652368545533,0.068497733771801
IMG/imagem2284.jpg,0.47011588096618656,0.007686946988105774
IMG/imagem2285.jpg,0.5081249070167542,0.1643091517686844
IMG/imagem2286.jpg,0.5248744082450867,0.07461403757333757
IMG/imagem2287.jpg,0.5309587025642395,0.14762541234493257
IMG/imagem2288.jpg,0.5431272506713868,0.09895115911960603
IMG/imagem2289.jpg,0.5532126188278199,0.13612931668758393
IMG/imagem2290.jpg,0.5552958393096924,0.019855509027838707
IMG/imagem2291.jpg,0.5757564949989319,0.06286176979541779
IMG/imagem2292.jpg,0.37849766969680787,-0.45735752344131475
IMG/imagem2293.jpg,0.3841336488723755,-0.485537338256836
IMG/imagem2294.jpg,0.39540556669235233,-0.5024452352523804
IMG/imagem2295.jpg,0.39540556669235233,-0.5418970084190369
IMG/imagem2296.jpg,0.3727673745155335,-0.37272023677825933
IMG/imagem2297.jpg,0.4031888055801392,-0.2996852779388428
IMG/imagem2298.jpg,0.4292213606834412,-0.3559101414680481
IMG/imagem2299.jpg,0.4348573398590088,-0.5024452352523804
IMG/imagem2300.jpg,0.44577874422073366,-0.39097307920455937
IMG/imagem2301.jpg,0.4686731338500977,-0.5982566380500793
IMG/imagem2302.jpg,0.29957231760025027,0.33904593706130987
IMG/imagem2303.jpg,0.5363047218322754,0.24321266770362857
IMG/imagem2304.jpg,0.10231353282928468,0.68
IMG/imagem2305.jpg,0.27139250278472904,-0.0
IMG/imagem2306.jpg,0.5701205158233643,0.068497733771801
IMG/imagem2307.jpg,0.4396944904327393,0.19021538138389588
IMG/imagem2308.jpg,0.47620017528533937,0.050276916027069095
IMG/imagem2309.jpg,0.49121701002120977,0.07976966679096223
IMG/imagem2310.jpg,0.4822844290733338,-0.0
IMG/imagem2311.jpg,0.49121701002120977,0.02904597580432892
IMG/imagem2312.jpg,0.4968529486656189,-0.0
IMG/imagem2313.jpg,0.4968529486656189,-0.2544409132003784
IMG/imagem2314.jpg,0.5248744082450867,-0.28143243551254277
IMG/imagem2315.jpg,0.4743091130256653,-0.68
IMG/imagem2316.jpg,0.07976966679096223,-0.0
IMG/imagem2317.jpg,0.10794949173927308,-0.6208005142211914
IMG/imagem2318.jpg,0.37849766969680787,-0.0
IMG/imagem2319.jpg,0.5813924336433411,-0.051546149253845215
IMG/imagem2320.jpg,0.5532126188278199,-0.11917773723602296
IMG/imagem2321.jpg,0.5475766396522522,-0.5869847202301026
IMG/imagem2322.jpg,0.017774044051766396,0.045953872799873355
IMG/imagem2323.jpg,-0.0,0.017774044051766396
IMG/imagem2324.jpg,-0.0,-0.0
IMG/imagem2325.jpg,-0.0,-0.0
IMG/imagem2326.jpg,0.2693110251426697,-0.0
IMG/imagem2327.jpg,0.36158977270126347,-0.0
IMG/imagem2328.jpg,0.4348573398590088,-0.0
IMG/imagem2329.jpg,0.4092730593681336,0.06852975845336914
IMG/imagem2330.jpg,0.41794944286346436,-0.0
IMG/imagem2331.jpg,0.48558103084564214,-0.0
IMG/imagem2332.jpg,0.5370429968833924,0.044192631840705876
IMG/imagem2333.jpg,0.4518630385398865,0.226721066236496
IMG/imagem2334.jpg,-0.0,-0.0
IMG/imagem2335.jpg,0.4799450516700745,-0.4629934620857239
IMG/imagem2336.jpg,0.6095722889900208,-0.0
IMG/imagem2337.jpg,0.2632267510890961,-0.0
IMG/imagem2338.jpg,0.13049335777759552,-0.0
IMG/imagem2339.jpg,0.5870284128189087,-0.0
IMG/imagem2340.jpg,0.5532126188278199,0.18121703863143923
IMG/imagem2341.jpg,0.5187901544570923,0.22063679218292237
IMG/imagem2342.jpg,0.3728617310523987,0.10794949173927308
IMG/imagem2343.jpg,-0.0,-0.0
IMG/imagem2344.jpg,-0.0,-0.0
IMG/imagem2345.jpg,0.29393635869026186,-0.012094388753175736
IMG/imagem2346.jpg,0.29393635869026186,-0.07409001022577286
IMG/imagem2347.jpg,0.25714247703552245,-0.044145468771457676
IMG/imagem2348.jpg,0.28830039978027344,-0.1360856342315674
IMG/imagem2349.jpg,0.29957231760025027,-0.1811733663082123
IMG/imagem2350.jpg,0.36158977270126347,-0.1924452841281891
IMG/imagem2351.jpg,0.4292213606834412,-0.1924452841281891
IMG/imagem2352.jpg,0.4348573398590088,-0.0
IMG/imagem2353.jpg,0.4275259017944336,-0.28143243551254277
IMG/imagem2354.jpg,0.4743091130256653,-0.2938926661014557
IMG/imagem2355.jpg,0.4640315866470337,-0.0
IMG/imagem2356.jpg,0.4743091130256653,-0.0
IMG/imagem2357.jpg,0.4686731338500977,0.24321266770362857
IMG/imagem2358.jpg,0.5306687426567078,0.22630477070808414
IMG/imagem2359.jpg,0.5306687426567078,0.22630477070808414
IMG/imagem2360.jpg,0.5127058601379395,0.11111972749233247
IMG/imagem2361.jpg,0.4275259017944336,0.27539531946182255
IMG/imagem2362.jpg,0.7092418074607849,0.38709816336631775
IMG/imagem2363.jpg,0.6823993921279907,0.32446587085723877
IMG/imagem2364.jpg,0.4766075611114502,0.4676600992679596
IMG/imagem2365.jpg,0.5929247140884399,0.2886759638786316
IMG/imagem2366.jpg,0.7223779559135437,0.07586740702390671
IMG/imagem2367.jpg,0.6823993921279907,0.08288411051034927
IMG/imagem2368.jpg,0.5571348071098328,0.2886759638786316
IMG/imagem2369.jpg,0.6892251968383789,0.20019017159938812
IMG/imagem2370.jpg,0.7638188600540161,-0.0
IMG/imagem2371.jpg,0.7360842823982239,-0.0
IMG/imagem2372.jpg,0.6913468837738037,-0.9239118099212646
IMG/imagem2373.jpg,-0.0,-0.0
IMG/imagem2374.jpg,0.17532561719417572,-0.0
IMG/imagem2375.jpg,0.4903087615966797,-0.4404832720756531
IMG/imagem2376.jpg,0.37815070152282715,-0.24386924505233765
IMG/imagem2377.jpg,0.4820205867290497,-0.27471959590911865
IMG/imagem2378.jpg,0.5980551838874817,-0.16697318851947784
IMG/imagem2379.jpg,0.6312078833580017,0.13388469815254211
IMG/imagem2380.jpg,0.4985969662666321,0.6146315336227417
IMG/imagem2381.jpg,0.5068851113319397,0.35766568779945374
IMG/imagem2382.jpg,0.5234615206718445,0.47370028495788574
IMG/imagem2383.jpg,0.5980551838874817,0.44054752588272095
IMG/imagem2384.jpg,0.5980551838874817,0.44883573055267334
IMG/imagem2385.jpg,0.5980551838874817,0.4820205867290497
IMG/imagem2386.jpg,0.7140897512435913,0.36595386266708374
IMG/imagem2387.jpg,0.7360842823982239,0.09183157980442047
IMG/imagem2388.jpg,0.7987165451049805,-0.0
IMG/imagem2389.jpg,0.6726488471031189,-0.0
IMG/imagem2390.jpg,0.6229197382926941,-0.0
IMG/imagem2391.jpg,0.6394960880279541,-0.0
IMG/imagem2392.jpg,0.6726488471031189,0.051002852618694305
IMG/imagem2393.jpg,0.5566142201423645,0.4820205867290497
IMG/imagem2394.jpg,0.47370028495788574,0.4985969662666321
IMG/imagem2395.jpg,0.4903087615966797,0.5897669792175293
IMG/imagem2396.jpg,0.44054752588272095,0.6643606424331665
IMG/imagem2397.jpg,0.5731906294822693,0.28307202458381653
IMG/imagem2398.jpg,0.270781010389328,0.8166115283966064
IMG/imagem2399.jpg,0.40739479660987854,0.0344264842569828
IMG/imagem2400.jpg,0.8467007279396057,0.051002852618694305
IMG/imagem2401.jpg,-0.0,-0.0
IMG/imagem2402.jpg,0.28307202458381653,-0.0
IMG/imagem2403.jpg,0.5566142201423645,-0.0
IMG/imagem2404.jpg,0.5151733160018921,-1.0
IMG/imagem2405.jpg,-0.0,-0.36588960886001587
IMG/imagem2406.jpg,0.6229197382926941,-0.0
IMG/imagem2407.jpg,0.5566142201423645,-0.0
IMG/imagem2408.jpg,0.29136019945144653,0.051002852618694305
IMG/imagem2409.jpg,0.6726488471031189,0.22505472600460052
IMG/imagem2410.jpg,0.6312078833580017,0.34108930826187134
IMG/imagem2411.jpg,0.5483260750770569,-0.0
IMG/imagem2412.jpg,0.575029730796814,-0.0
IMG/imagem2413.jpg,0.6643606424331665,-0.0
IMG/imagem2414.jpg,0.5317496657371521,-0.0
IMG/imagem2415.jpg,0.5980551838874817,0.2996484041213989
IMG/imagem2416.jpg,0.43225935101509094,0.5566142201423645
IMG/imagem2417.jpg,0.4820205867290497,0.40739479660987854
IMG/imagem2418.jpg,0.6809369921684265,0.39910662174224854
IMG/imagem2419.jpg,0.6734519600868225,0.3065709173679352
IMG/imagem2420.jpg,0.6823993921279907,-0.0
IMG/imagem2421.jpg,0.7058015465736389,-0.0
IMG/imagem2422.jpg,0.7223779559135437,-0.0
IMG/imagem2423.jpg,0.6975134015083313,-0.0
IMG/imagem2424.jpg,0.6892251968383789,-0.0
IMG/imagem2425.jpg,0.6466095447540283,-0.0
IMG/imagem2426.jpg,0.6809369921684265,-0.0
IMG/imagem2427.jpg,0.6555569767951965,0.02025180496275425
IMG/imagem2428.jpg,0.6287145614624023,-0.0
IMG/imagem2429.jpg,0.6975134015083313,0.0344264842569828
IMG/imagem2430.jpg,0.575029730796814,0.09183157980442047
IMG/imagem2431.jpg,0.5649024248123169,0.11730833351612091
IMG/imagem2432.jpg,-0.0,-0.0
IMG/imagem2433.jpg,0.23334291577339172,-0.0
IMG/imagem2434.jpg,0.45712390542030334,0.18361380696296692
IMG/imagem2435.jpg,0.44883573055267334,0.44054752588272095
IMG/imagem2436.jpg,0.43225935101509094,0.5400378704071045
IMG/imagem2437.jpg,0.38709816336631775,0.36920320987701416
IMG/imagem2438.jpg,0.38709816336631775,0.36025574803352356
IMG/imagem2439.jpg,0.4766075611114502,0.2618335485458374
IMG/imagem2440.jpg,0.4945025146007538,0.2886759638786316
IMG/imagem2441.jpg,0.5566142201423645,0.39910662174224854
IMG/imagem2442.jpg,0.5649024248123169,0.4820205867290497
IMG/imagem2443.jpg,0.36025574803352356,-0.0
IMG/imagem2444.jpg,-0.0,-0.0
IMG/imagem2445.jpg,0.4766075611114502,-0.0
IMG/imagem2446.jpg,0.4903087615966797,-0.0
IMG/imagem2447.jpg,0.43225935101509094,-0.0
IMG/imagem2448.jpg,0.4820205867290497,-0.0
IMG/imagem2449.jpg,0.36025574803352356,0.7629266977310181
IMG/imagem2450.jpg,-0.0,-0.0
IMG/imagem2451.jpg,0.30793657898902893,-0.0
IMG/imagem2452.jpg,-0.0,-0.0
IMG/imagem2453.jpg,0.24163110554218292,-0.0
IMG/imagem2454.jpg,0.4820205867290497,-0.0
IMG/imagem2455.jpg,0.449765145778656,-0.0
IMG/imagem2456.jpg,0.4985969662666321,0.009561930783092976
IMG/imagem2457.jpg,0.4676600992679596,-0.0
IMG/imagem2458.jpg,0.5068851113319397,-0.0
IMG/imagem2459.jpg,0.5213449001312256,-0.0
IMG/imagem2460.jpg,0.5483260750770569,-0.0
IMG/imagem2461.jpg,0.5213449001312256,-0.0
IMG/imagem2462.jpg,0.5566142201423645,-0.0
IMG/imagem2463.jpg,0.5566142201423645,-0.0
IMG/imagem2464.jpg,0.5649024248123169,-0.0
IMG/imagem2465.jpg,0.5814787745475769,-0.0
IMG/imagem2466.jpg,0.5814787745475769,-0.24156685173511505
IMG/imagem2467.jpg,0.5814787745475769,-0.6808727383613586
IMG/imagem2468.jpg,-0.0,-0.0
IMG/imagem2469.jpg,0.22505472600460052,-0.0
IMG/imagem2470.jpg,0.279728502035141,-0.0
IMG/imagem2471.jpg,0.44883573055267334,-0.0
IMG/imagem2472.jpg,0.47370028495788574,-0.0
IMG/imagem2473.jpg,0.4820205867290497,0.0344264842569828
IMG/imagem2474.jpg,0.4676600992679596,-0.0
IMG/imagem2475.jpg,0.4985969662666321,0.23334291577339172
IMG/imagem2476.jpg,0.44883573055267334,0.47370028495788574
IMG/imagem2477.jpg,0.41394057869911194,0.270781010389328
IMG/imagem2478.jpg,0.4820205867290497,0.42397117614746094
IMG/imagem2479.jpg,0.4820205867290497,0.39081841707229614
IMG/imagem2480.jpg,0.43225935101509094,0.45712390542030334
IMG/imagem2481.jpg,0.38709816336631775,0.40499311685562134
IMG/imagem2482.jpg,0.39604562520980835,0.09183157980442047
IMG/imagem2483.jpg,0.45712390542030334,0.2582074701786041
IMG/imagem2484.jpg,0.44883573055267334,0.34108930826187134
IMG/imagem2485.jpg,0.44883573055267334,0.40739479660987854
IMG/imagem2486.jpg,0.41568297147750854,0.47370028495788574
IMG/imagem2487.jpg,0.41568297147750854,0.46541208028793335
IMG/imagem2488.jpg,0.39604562520980835,0.33341333270072937
IMG/imagem2489.jpg,0.45712390542030334,0.37424206733703613
IMG/imagem2490.jpg,0.4676600992679596,0.243938609957695
IMG/imagem2491.jpg,0.5068851113319397,0.2747838497161865
IMG/imagem2492.jpg,0.5400378704071045,0.19190199673175812
IMG/imagem2493.jpg,0.6312078833580017,0.051002852618694305
IMG/imagem2494.jpg,0.6643606424331665,-0.0
IMG/imagem2495.jpg,0.6643606424331665,-0.0
IMG/imagem2496.jpg,0.6726488471031189,-0.0
IMG/imagem2497.jpg,0.6645044684410095,-0.17228947579860687
IMG/imagem2498.jpg,0.6645044684410095,-0.6286452412605286
IMG/imagem2499.jpg,0.6809369921684265,0.11730833351612091
IMG/imagem2500.jpg,0.6229197382926941,0.34108930826187134
IMG/imagem2501.jpg,0.5481873154640198,0.18130630254745483
IMG/imagem2502.jpg,0.4985969662666321,0.39081841707229614
IMG/imagem2503.jpg,0.5483260750770569,0.17532561719417572
IMG/imagem2504.jpg,0.5814787745475769,0.28307202458381653
IMG/imagem2505.jpg,0.5566142201423645,0.33280113339424133
IMG/imagem2506.jpg,0.5571348071098328,0.36025574803352356
IMG/imagem2507.jpg,0.5980551838874817,0.24163110554218292
IMG/imagem2508.jpg,0.5980551838874817,0.44054752588272095
IMG/imagem2509.jpg,0.4766075611114502,0.4855550229549408
IMG/imagem2510.jpg,-0.0,-0.0
IMG/imagem2511.jpg,0.5151733160018921,-0.0
IMG/imagem2512.jpg,0.5213449001312256,-0.0
IMG/imagem2513.jpg,0.5213449001312256,-0.0
IMG/imagem2514.jpg,0.5566142201423645,-0.0
IMG/imagem2515.jpg,0.5566142201423645,-0.8963655829429626
IMG/imagem2516.jpg,0.40739479660987854,0.0675792247056961
IMG/imagem2517.jpg,0.37424206733703613,-0.0
IMG/imagem2518.jpg,0.5483260750770569,-0.0
IMG/imagem2519.jpg,0.5400378704071045,-0.02607404999434948
IMG/imagem2520.jpg,0.5731906294822693,-0.11724407970905304
IMG/imagem2521.jpg,0.5400378704071045,-0.11724407970905304
IMG/imagem2522.jpg,0.5068851113319397,-0.0
IMG/imagem2523.jpg,0.39604562520980835,0.35130828619003296
IMG/imagem2524.jpg,0.4408176839351654,0.35130828619003296
IMG/imagem2525.jpg,0.47370028495788574,0.5400378704071045
IMG/imagem2526.jpg,0.5151733160018921,0.41568297147750854
IMG/imagem2527.jpg,0.5566142201423645,0.34937751293182373
IMG/imagem2528.jpg,0.6394960880279541,0.31622475385665894
IMG/imagem2529.jpg,0.6018721461296082,0.2976234257221222
IMG/imagem2530.jpg,0.6394960880279541,0.5731906294822693
IMG/imagem2531.jpg,0.21709619462490082,-0.0
IMG/imagem2532.jpg,0.5302923917770386,-0.0
IMG/imagem2533.jpg,0.6892251968383789,0.32451295852661133
IMG/imagem2534.jpg,0.5123974680900574,0.2976234257221222
IMG/imagem2535.jpg,-0.0,-0.0
IMG/imagem2536.jpg,0.5234615206718445,-0.0
IMG/imagem2537.jpg,0.6809369921684265,-0.0
IMG/imagem2538.jpg,0.6394960880279541,0.29136019945144653
IMG/imagem2539.jpg,0.5317496657371521,0.40739479660987854
IMG/imagem2540.jpg,0.5151733160018921,0.6809369921684265
IMG/imagem2541.jpg,0.5400378704071045,0.09244377911090851
IMG/imagem2542.jpg,0.5649024248123169,0.35766568779945374
IMG/imagem2543.jpg,0.5234615206718445,0.5980551838874817
IMG/imagem2544.jpg,0.4676600992679596,0.5392398834228516
IMG/imagem2545.jpg,0.5151733160018921,0.5814787745475769
IMG/imagem2546.jpg,0.6477842926979065,0.41568297147750854
IMG/imagem2547.jpg,0.8052597641944885,-0.36588960886001587
IMG/imagem2548.jpg,0.31622475385665894,-1.0
IMG/imagem2549.jpg,0.6975134015083313,-0.0
IMG/imagem2550.jpg,0.7555306553840637,-0.47363603115081787
IMG/imagem2551.jpg,0.7987165451049805,-0.0
IMG/imagem2552.jpg,0.7389543056488037,-0.0
IMG/imagem2553.jpg,0.6823993921279907,0.08288411051034927
IMG/imagem2554.jpg,0.6312078833580017,0.35766568779945374
IMG/imagem2555.jpg,0.6734519600868225,0.39604562520980835
IMG/imagem2556.jpg,0.6726488471031189,0.44054752588272095
IMG/imagem2557.jpg,0.47370028495788574,0.23334291577339172
IMG/imagem2558.jpg,0.6312078833580017,0.41568297147750854
IMG/imagem2559.jpg,0.6477842926979065,0.44883573055267334
IMG/imagem2560.jpg,0.6146315336227417,-0.0
IMG/imagem2561.jpg,0.6312078833580017,-0.0
IMG/imagem2562.jpg,0.6229197382926941,-0.0
IMG/imagem2563.jpg,0.6229197382926941,0.36595386266708374
IMG/imagem2564.jpg,0.6063433289527893,0.34937751293182373
IMG/imagem2565.jpg,0.583977222442627,0.21709619462490082
IMG/imagem2566.jpg,0.5814787745475769,0.001273746252991259
IMG/imagem2567.jpg,0.5731906294822693,0.0178501158952713
IMG/imagem2568.jpg,0.5731906294822693,0.009561930783092976
IMG/imagem2569.jpg,0.5814787745475769,-0.0
IMG/imagem2570.jpg,0.5481873154640198,-0.0
IMG/imagem2571.jpg,0.5481873154640198,-0.0
IMG/imagem2572.jpg,0.5897669792175293,-0.0
IMG/imagem2573.jpg,0.5649024248123169,-0.0
IMG/imagem2574.jpg,0.5731906294822693,-0.0
IMG/imagem2575.jpg,0.5649024248123169,-0.0
IMG/imagem2576.jpg,-0.0,-0.7091724872589111
IMG/imagem2577.jpg,-0.0,-0.0
IMG/imagem2578.jpg,0.10073196142911911,-0.29958415031433105
IMG/imagem2579.jpg,0.15874925255775452,-0.34102505445480347
IMG/imagem2580.jpg,0.20847836136817932,-0.5897027254104614
IMG/imagem2581.jpg,0.20019017159938812,-0.43219509720802307
IMG/imagem2582.jpg,0.14551641047000885,-0.0
IMG/imagem2583.jpg,0.24163110554218292,-0.6808727383613586
IMG/imagem2584.jpg,0.20847836136817932,-0.0
IMG/imagem2585.jpg,0.2976234257221222,-0.0
IMG/imagem2586.jpg,0.39081841707229614,-0.0
IMG/imagem2587.jpg,0.36920320987701416,-0.0
IMG/imagem2588.jpg,0.42397117614746094,-0.0
IMG/imagem2589.jpg,0.43225935101509094,-0.0
IMG/imagem2590.jpg,0.39604562520980835,-0.0
IMG/imagem2591.jpg,0.44883573055267334,-0.0
IMG/imagem2592.jpg,0.44883573055267334,-0.0
IMG/imagem2593.jpg,0.40499311685562134,-0.0
IMG/imagem2594.jpg,0.41394057869911194,-0.0
IMG/imagem2595.jpg,0.44883573055267334,-0.0
IMG/imagem2596.jpg,0.40499311685562134,-0.297554075717926
IMG/imagem2597.jpg,0.44883573055267334,-0.34931325912475586
IMG/imagem2598.jpg,0.44883573055267334,-0.37417781352996826
IMG/imagem2599.jpg,0.41394057869911194,-0.20807935297489166
IMG/imagem2600.jpg,0.5566142201423645,-0.0
IMG/imagem2601.jpg,0.5566142201423645,-0.0
IMG/imagem2602.jpg,0.44883573055267334,0.2582074701786041
IMG/imagem2603.jpg,0.42397117614746094,0.26649564504623413
IMG/imagem2604.jpg,0.5400378704071045,-0.0
IMG/imagem2605.jpg,0.5234615206718445,0.08415558934211731
IMG/imagem2606.jpg,0.5234615206718445,0.20019017159938812
IMG/imagem2607.jpg,0.5151733160018921,0.19190199673175812
IMG/imagem2608.jpg,0.4855550229549408,0.07393664121627808
IMG/imagem2609.jpg,0.4945025146007538,0.002356861252337694
IMG/imagem2610.jpg,0.5234615206718445,0.009561930783092976
IMG/imagem2611.jpg,0.4676600992679596,-0.0
IMG/imagem2612.jpg,0.44054752588272095,-0.7886191606521606
IMG/imagem2613.jpg,0.4945025146007538,-0.0
IMG/imagem2614.jpg,0.4855550229549408,-0.011234973557293415
IMG/imagem2615.jpg,0.5234615206718445,-0.23327866196632385
IMG/imagem2616.jpg,0.39604562520980835,-0.8791744709014893
IMG/imagem2617.jpg,0.6229197382926941,-0.0
IMG/imagem2618.jpg,0.6063433289527893,-0.0
IMG/imagem2619.jpg,0.5814787745475769,-0.0
IMG/imagem2620.jpg,0.5897669792175293,-0.0
IMG/imagem2621.jpg,0.5731906294822693,0.10073196142911911
IMG/imagem2622.jpg,0.5483260750770569,0.5649024248123169
IMG/imagem2623.jpg,0.5566142201423645,0.5649024248123169
IMG/imagem2624.jpg,0.4903087615966797,0.5151733160018921
IMG/imagem2625.jpg,0.4903087615966797,-0.0
IMG/imagem2626.jpg,0.4855550229549408,-0.029129916802048683
IMG/imagem2627.jpg,0.39604562520980835,-0.8254896402359009
IMG/imagem2628.jpg,0.5151733160018921,-0.0
IMG/imagem2629.jpg,0.44054752588272095,-0.7720428109169006
IMG/imagem2630.jpg,0.46541208028793335,-0.35760143399238586
IMG/imagem2631.jpg,0.44054752588272095,-0.4404832720756531
IMG/imagem2632.jpg,0.44054752588272095,-0.4570596516132355
IMG/imagem2633.jpg,0.42397117614746094,-0.7803309559822083
IMG/imagem2634.jpg,0.42397117614746094,-0.6145672798156738
IMG/imagem2635.jpg,0.4903087615966797,-0.0
IMG/imagem2636.jpg,0.5731906294822693,-0.0
IMG/imagem2637.jpg,0.5897669792175293,-0.0
IMG/imagem2638.jpg,-0.0,-0.0
IMG/imagem2639.jpg,0.8434539437294006,-0.6018028259277344
IMG/imagem2640.jpg,0.8524013757705688,-0.5928553342819214
IMG/imagem2641.jpg,0.879243791103363,-0.22597430646419525
IMG/imagem2642.jpg,-0.0,-0.0
IMG/imagem2643.jpg,0.5475766396522522,-0.0
IMG/imagem2644.jpg,0.5363047218322754,-0.0
IMG/imagem2645.jpg,0.41794944286346436,-0.0
IMG/imagem2646.jpg,0.5363047218322754,-0.0008224577922374011
IMG/imagem2647.jpg,0.4968529486656189,-0.4629934620857239
IMG/imagem2648.jpg,0.49121701002120977,-0.5531689262390137
IMG/imagem2649.jpg,0.44577874422073366,-0.0
IMG/imagem2650.jpg,0.4066775250434876,-0.1924452841281891
IMG/imagem2651.jpg,0.36059882640838625,-0.28143243551254277
IMG/imagem2652.jpg,0.4799450516700745,-0.5700768232345581
IMG/imagem2653.jpg,0.46303715467453005,-0.5531689262390137
IMG/imagem2654.jpg,0.4686731338500977,-0.6264364933967591
IMG/imagem2655.jpg,0.46303715467453005,-0.5869847202301026
IMG/imagem2656.jpg,0.46303715467453005,-0.6377084112167359
IMG/imagem2657.jpg,0.44577874422073366,-0.6039228940010071
IMG/imagem2658.jpg,0.5613800930976868,-0.08673543274402619
IMG/imagem2659.jpg,0.5813924336433411,-0.12481369614601136
IMG/imagem2660.jpg,0.5475766396522522,0.18685301780700686
IMG/imagem2661.jpg,0.4092730593681336,0.38493596315383916
IMG/imagem2662.jpg,0.3277739989757538,0.4968529486656189
IMG/imagem2663.jpg,0.40104154586791996,0.44049331903457645
IMG/imagem2664.jpg,0.4348573398590088,0.41231346368789673
IMG/imagem2665.jpg,0.4686731338500977,0.35595383405685427
IMG/imagem2666.jpg,0.5137608456611633,0.27702846169471745
IMG/imagem2667.jpg,0.5127058601379395,0.21455249786376954
IMG/imagem2668.jpg,0.5674643874168397,-0.0
IMG/imagem2669.jpg,0.5674643874168397,-0.0
IMG/imagem2670.jpg,0.5757564949989319,-0.012094388753175736
IMG/imagem2671.jpg,0.5674643874168397,-0.06848259031772615
IMG/imagem2672.jpg,0.48558103084564214,-0.3953618741035462
IMG/imagem2673.jpg,0.4883687233924866,-0.42139446973800665
IMG/imagem2674.jpg,0.4743091130256653,-0.5588049054145814
IMG/imagem2675.jpg,0.41231346368789673,-0.6264364933967591
IMG/imagem2676.jpg,0.41231346368789673,-0.16426545917987825
IMG/imagem2677.jpg,0.4396944904327393,-0.12324111759662629
IMG/imagem2678.jpg,0.5137608456611633,-0.16426545917987825
IMG/imagem2679.jpg,0.5475766396522522,-0.1811733663082123
IMG/imagem2680.jpg,0.5066215658187867,-0.1597468024492264
IMG/imagem2681.jpg,0.5250328040122986,-0.1868093252182007
IMG/imagem2682.jpg,0.5250328040122986,-0.22626107811927798
IMG/imagem2683.jpg,0.5250328040122986,-0.2995286250114441
IMG/imagem2684.jpg,0.5250328040122986,-0.26007687211036684
IMG/imagem2685.jpg,0.5306687426567078,-0.26007687211036684
IMG/imagem2686.jpg,0.5757564949989319,-0.0
IMG/imagem2687.jpg,0.5701205158233643,0.0008661474520340563
IMG/imagem2688.jpg,-0.0,-0.0
IMG/imagem2689.jpg,0.27539531946182255,-0.0
IMG/imagem2690.jpg,0.4031888055801392,0.12937256991863252
IMG/imagem2691.jpg,0.5127058601379395,0.18413108706474304
IMG/imagem2692.jpg,0.5306687426567078,0.09104159474372864
IMG/imagem2693.jpg,0.5532126188278199,0.12485738873481751
IMG/imagem2694.jpg,0.4822844290733338,0.23888963460922244
IMG/imagem2695.jpg,0.5024889278411866,0.2657565236091614
IMG/imagem2696.jpg,0.5701205158233643,0.07413369774818421
IMG/imagem2697.jpg,0.5870284128189087,-0.0
IMG/imagem2698.jpg,0.5870284128189087,-0.0
IMG/imagem2699.jpg,0.5137608456611633,-0.4911733174324036
IMG/imagem2700.jpg,0.27702846169471745,-0.68
IMG/imagem2701.jpg,0.27702846169471745,-0.68
IMG/imagem2702.jpg,0.49121701002120977,-0.42354172945022583
IMG/imagem2703.jpg,-0.0,-0.0
IMG/imagem2704.jpg,0.3666831207275391,-0.4153101754188538
IMG/imagem2705.jpg,0.33017741560935976,-0.6039228940010071
IMG/imagem2706.jpg,0.35595383405685427,-0.5757128024101258
IMG/imagem2707.jpg,0.4686731338500977,-0.31080056309700016
IMG/imagem2708.jpg,0.4640315866470337,-0.23884245634078982
IMG/imagem2709.jpg,0.5370429968833924,-0.06848259031772615
IMG/imagem2710.jpg,0.5419407010078431,-0.1811733663082123
IMG/imagem2711.jpg,0.5363047218322754,-0.1811733663082123
IMG/imagem2712.jpg,0.5419407010078431,-0.1360856342315674
IMG/imagem2713.jpg,0.5419407010078431,-0.12481369614601136
IMG/imagem2714.jpg,0.47011588096618656,-0.08673543274402619
IMG/imagem2715.jpg,0.28830039978027344,-0.13044966518878937
IMG/imagem2716.jpg,-0.0,-0.0
IMG/imagem2717.jpg,0.5363047218322754,-0.0
IMG/imagem2718.jpg,0.5363047218322754,-0.0
IMG/imagem2719.jpg,0.5588485980033875,0.10231353282928468
IMG/imagem2720.jpg,0.5492115449905396,0.01377122737467289
IMG/imagem2721.jpg,0.5644845366477966,0.068497733771801
IMG/imagem2722.jpg,0.5309587025642395,0.05636119514703751
IMG/imagem2723.jpg,0.5081249070167542,0.04031790629029274
IMG/imagem2724.jpg,-0.0,-0.0
IMG/imagem2725.jpg,0.5926643919944764,-0.0
IMG/imagem2726.jpg,0.28756386756896973,-0.0
IMG/imagem2727.jpg,-0.0,-0.0
IMG/imagem2728.jpg,0.5701205158233643,0.045953872799873355
IMG/imagem2729.jpg,-0.0,-0.0
IMG/imagem2730.jpg,-0.0,-0.0
IMG/imagem2731.jpg,0.5137608456611633,0.22066881179809572
IMG/imagem2732.jpg,-0.0,-0.0
IMG/imagem2733.jpg,0.47011588096618656,-0.0
IMG/imagem2734.jpg,0.48558103084564214,-0.0
IMG/imagem2735.jpg,0.4579473328590393,-0.0
IMG/imagem2736.jpg,0.4579473328590393,-0.0
IMG/imagem2737.jpg,0.4686731338500977,-0.0
IMG/imagem2738.jpg,-0.0,-0.0
IMG/imagem2739.jpg,0.3180088675022125,-0.0
IMG/imagem2740.jpg,0.15370968639850618,-0.2510110247135163
IMG/imagem2741.jpg,0.4292213606834412,-0.5024452352523804
IMG/imagem2742.jpg,0.4292213606834412,-0.49680925607681276
IMG/imagem2743.jpg,0.4092730593681336,-0.4700687026977539
IMG/imagem2744.jpg,0.5419407010078431,-0.3390022444725037
IMG/imagem2745.jpg,0.3841336488723755,-0.5080812144279481
IMG/imagem2746.jpg,0.49121701002120977,-0.40663383245468143
IMG/imagem2747.jpg,0.46303715467453005,-0.47426542043685915
IMG/imagem2748.jpg,0.5005373120307923,-0.3483831000328064
IMG/imagem2749.jpg,0.4396944904327393,-0.4700687026977539
IMG/imagem2750.jpg,0.4396944904327393,-0.4700687026977539
IMG/imagem2751.jpg,0.5983003306388855,-0.0
IMG/imagem2752.jpg,0.5926643919944764,-0.11917773723602296
IMG/imagem2753.jpg,0.5918015241622925,-0.0
IMG/imagem2754.jpg,0.61520822763443,-0.0
IMG/imagem2755.jpg,0.5813924336433411,0.02904597580432892
IMG/imagem2756.jpg,0.5248744082450867,0.1962996554374695
IMG/imagem2757.jpg,0.5813924336433411,0.023410009294748308
IMG/imagem2758.jpg,0.5813924336433411,0.017774044051766396
IMG/imagem2759.jpg,0.5757564949989319,0.051589836776256566
IMG/imagem2760.jpg,0.5813924336433411,0.03468193978071213
IMG/imagem2761.jpg,0.6039700722694398,-0.0
IMG/imagem2762.jpg,0.61520822763443,-0.0
IMG/imagem2763.jpg,0.6095722889900208,-0.10790579915046693
IMG/imagem2764.jpg,0.4396944904327393,-0.4822372913360596
IMG/imagem2765.jpg,0.36059882640838625,-0.4944058394432068
IMG/imagem2766.jpg,0.5757564949989319,-0.15862949013710023
IMG/imagem2767.jpg,0.5306687426567078,-0.2995286250114441
IMG/imagem2768.jpg,0.37849766969680787,-0.6208005142211914
IMG/imagem2769.jpg,0.41794944286346436,-0.47426542043685915
IMG/imagem2770.jpg,0.4348573398590088,-0.4517215442657471
IMG/imagem2771.jpg,0.5370429968833924,-0.18408392906188967
IMG/imagem2772.jpg,0.08540563583374024,-0.0
IMG/imagem2773.jpg,0.6039700722694398,-0.0
IMG/imagem2774.jpg,0.6039363098144531,-0.0
IMG/imagem2775.jpg,0.47011588096618656,0.1962996554374695
IMG/imagem2776.jpg,0.019855509027838707,-0.0
IMG/imagem2777.jpg,0.5674643874168397,0.007686946988105774
IMG/imagem2778.jpg,0.44612925767898565,0.3672257518768311
IMG/imagem2779.jpg,0.4968529486656189,0.3277739989757538
IMG/imagem2780.jpg,0.20939687371253968,0.5081249070167542
IMG/imagem2781.jpg,-0.0,-0.0
IMG/imagem2782.jpg,0.5918015241622925,-0.0
IMG/imagem2783.jpg,0.44049331903457645,0.37849766969680787
IMG/imagem2784.jpg,-0.0,-0.0
IMG/imagem2785.jpg,0.29393635869026186,0.2544846057891846
IMG/imagem2786.jpg,0.5870284128189087,-0.0
IMG/imagem2787.jpg,0.6039363098144531,-0.08536194324493408
IMG/imagem2788.jpg,0.41794944286346436,-0.4517215442657471
IMG/imagem2789.jpg,0.22630477070808414,-0.603892617225647
IMG/imagem2790.jpg,-0.0,-0.0
IMG/imagem2791.jpg,0.4066775250434876,-0.5024452352523804
IMG/imagem2792.jpg,0.2544846057891846,-0.5869847202301026
IMG/imagem2793.jpg,0.38976962804794313,-0.47990135908126835
IMG/imagem2794.jpg,0.6095722889900208,-0.0008224577922374011
IMG/imagem2795.jpg,0.22063679218292237,-0.5552486610412598
IMG/imagem2796.jpg,-0.0,-0.0
IMG/imagem2797.jpg,0.10231353282928468,-0.68
IMG/imagem2798.jpg,0.5735486817359925,-0.11107255935668946
IMG/imagem2799.jpg,0.3108442556858063,-0.5418970084190369
IMG/imagem2800.jpg,-0.0,-0.0
IMG/imagem2801.jpg,0.5419407010078431,-0.2431689751148224
IMG/imagem2802.jpg,0.5363047218322754,-0.1811733663082123
IMG/imagem2803.jpg,-0.0,-0.0
IMG/imagem2804.jpg,0.5978857779502869,-0.0
IMG/imagem2805.jpg,0.6095722889900208,-0.0008224577922374011
IMG/imagem2806.jpg,0.5701205158233643,-0.21498914003372194
IMG/imagem2807.jpg,0.5613800930976868,-0.14149396002292633
IMG/imagem2808.jpg,0.5127058601379395,-0.2510110247135163
IMG/imagem2809.jpg,0.5127058601379395,-0.2753481411933899
IMG/imagem2810.jpg,0.47620017528533937,-0.28751670956611636
IMG/imagem2811.jpg,0.4968529486656189,-0.31080056309700016
IMG/imagem2812.jpg,0.38493596315383916,-0.4396473121643067
IMG/imagem2813.jpg,0.3052082967758179,-0.5306250500679016
IMG/imagem2814.jpg,0.3672257518768311,-0.5080812144279481
IMG/imagem2815.jpg,0.38976962804794313,-0.47990135908126835
IMG/imagem2816.jpg,0.39540556669235233,-0.47426542043685915
IMG/imagem2817.jpg,0.44577874422073366,-0.3788044905662537
IMG/imagem2818.jpg,0.4517652368545533,-0.41226977109909063
IMG/imagem2819.jpg,0.2936481618881226,-0.5065744280815125
IMG/imagem2820.jpg,0.3221161937713623,-0.5137171530723572
IMG/imagem2821.jpg,0.3221161937713623,-0.5137171530723572
IMG/imagem2822.jpg,0.423585422039032,-0.4517215442657471
IMG/imagem2823.jpg,0.39710451126098634,-0.43356301784515383
IMG/imagem2824.jpg,0.5926643919944764,-0.0
IMG/imagem2825.jpg,0.5926643919944764,-0.11917773723602296
IMG/imagem2826.jpg,0.4574012160301209,0.38976962804794313
IMG/imagem2827.jpg,0.29957231760025027,0.5137608456611633
IMG/imagem2828.jpg,0.37849766969680787,0.4686731338500977
IMG/imagem2829.jpg,0.37849766969680787,0.4686731338500977
IMG/imagem2830.jpg,0.6039700722694398,-0.0
IMG/imagem2831.jpg,0.5735486817359925,-0.0
IMG/imagem2832.jpg,0.5431272506713868,0.07461403757333757
IMG/imagem2833.jpg,0.5370429968833924,0.08069831669330597
IMG/imagem2834.jpg,0.5532126188278199,0.12485738873481751
IMG/imagem2835.jpg,0.5870284128189087,-0.0
IMG/imagem2836.jpg,0.5735486817359925,-0.09890400111675263
IMG/imagem2837.jpg,0.423585422039032,-0.43481364727020266
IMG/imagem2838.jpg,0.2693110251426697,-0.5248272705078125
IMG/imagem2839.jpg,0.23888963460922244,-0.5552486610412598
IMG/imagem2840.jpg,0.35031785488128664,-0.5137171530723572
IMG/imagem2841.jpg,0.5532126188278199,-0.16990142822265628
IMG/imagem2842.jpg,0.5431272506713868,-0.19016820311546326
IMG/imagem2843.jpg,0.49445301771163946,-0.2692638671398163
IMG/imagem2844.jpg,0.5081249070167542,-0.2995286250114441
IMG/imagem2845.jpg,0.5081249070167542,-0.2995286250114441
IMG/imagem2846.jpg,0.5081249070167542,-0.2995286250114441
IMG/imagem2847.jpg,0.49445301771163946,-0.26317959308624267
IMG/imagem2848.jpg,0.519396824836731,-0.2769847691059113
IMG/imagem2849.jpg,0.5309587025642395,-0.20842104554176333
IMG/imagem2850.jpg,0.5735486817359925,-0.0
IMG/imagem2851.jpg,0.5475766396522522,0.12485738873481751
IMG/imagem2852.jpg,0.5187901544570923,0.20846822381019595
IMG/imagem2853.jpg,0.48558103084564214,0.3108442556858063
IMG/imagem2854.jpg,0.48558103084564214,0.29957231760025027
IMG/imagem2855.jpg,0.5978857779502869,-0.0
IMG/imagem2856.jpg,0.5857172298431397,-0.0
IMG/imagem2857.jpg,0.5983003306388855,-0.040274216234683996
IMG/imagem2858.jpg,0.5870284128189087,-0.13044966518878937
IMG/imagem2859.jpg,0.5813924336433411,-0.16426545917987825
IMG/imagem2860.jpg,0.5735486817359925,-0.13540968596935274
IMG/imagem2861.jpg,0.5701205158233643,-0.20935318112373352
IMG/imagem2862.jpg,0.2037609148025513,-0.6151645350456239
IMG/imagem2863.jpg,-0.0,-0.0
IMG/imagem2864.jpg,0.4517652368545533,-0.4009978532791138
IMG/imagem2865.jpg,0.2693110251426697,-0.5552486610412598
IMG/imagem2866.jpg,0.33340995788574224,-0.43481364727020266
IMG/imagem2867.jpg,0.5870284128189087,-0.0966338711977005
IMG/imagem2868.jpg,-0.0,-0.0
IMG/imagem2869.jpg,0.12937256991863252,-0.0
IMG/imagem2870.jpg,0.36158977270126347,-0.0
IMG/imagem2871.jpg,0.4092730593681336,0.007686946988105774
IMG/imagem2872.jpg,0.41794944286346436,0.4066775250434876
IMG/imagem2873.jpg,0.44612925767898565,0.3672257518768311
IMG/imagem2874.jpg,0.47011588096618656,0.28147959351539614
IMG/imagem2875.jpg,0.49121701002120977,0.3052082967758179
IMG/imagem2876.jpg,0.519396824836731,0.24884862661361695
IMG/imagem2877.jpg,0.5250328040122986,0.23757670879364015
IMG/imagem2878.jpg,0.5552958393096924,0.03810835272073746
IMG/imagem2879.jpg,0.5644845366477966,0.08540563583374024
IMG/imagem2880.jpg,0.5644845366477966,0.08540563583374024
IMG/imagem2881.jpg,0.5983003306388855,-0.0
IMG/imagem2882.jpg,0.5813924336433411,0.068497733771801
IMG/imagem2883.jpg,0.5813924336433411,0.023410009294748308
IMG/imagem2884.jpg,0.6095722889900208,-0.0
IMG/imagem2885.jpg,0.6039700722694398,-0.01372406303882599
IMG/imagem2886.jpg,0.5813924336433411,-0.1980812430381775
IMG/imagem2887.jpg,0.5674643874168397,-0.062398311197757725
IMG/imagem2888.jpg,0.61520822763443,-0.0
IMG/imagem2889.jpg,0.4640315866470337,-0.2327581822872162
IMG/imagem2890.jpg,-0.0,-0.0
IMG/imagem2891.jpg,0.38976962804794313,-0.41790575027465826
IMG/imagem2892.jpg,0.4574012160301209,-0.4009978532791138
IMG/imagem2893.jpg,0.5983003306388855,-0.012094388753175736
IMG/imagem2894.jpg,0.5983003306388855,-0.0
IMG/imagem2895.jpg,0.08069831669330597,0.5857172298431397
IMG/imagem2896.jpg,0.46303715467453005,0.3728617310523987
IMG/imagem2897.jpg,0.4579473328590393,0.2997560250759125
IMG/imagem2898.jpg,0.6039363098144531,-0.0
IMG/imagem2899.jpg,-0.0,0.68
IMG/imagem2900.jpg,0.012138078808784486,-0.0
IMG/imagem2901.jpg,0.5983003306388855,-0.0
IMG/imagem2902.jpg,0.5419407010078431,-0.20371722221374514
IMG/imagem2903.jpg,0.5005373120307923,-0.2753481411933899
IMG/imagem2904.jpg,0.48558103084564214,-0.38408995628356934
IMG/imagem2905.jpg,0.4396944904327393,-0.3788044905662537
IMG/imagem2906.jpg,0.47620017528533937,-0.31796168923377993
IMG/imagem2907.jpg,0.423585422039032,-0.43481364727020266
IMG/imagem2908.jpg,0.4579473328590393,-0.36055164813995366
IMG/imagem2909.jpg,0.4579473328590393,-0.36055164813995366
IMG/imagem2910.jpg,0.4396944904327393,-0.3848887848854065
IMG/imagem2911.jpg,0.5127058601379395,-0.2023367714881897
IMG/imagem2912.jpg,0.5701205158233643,-0.11917773723602296
IMG/imagem2913.jpg,0.5419407010078431,0.2150328326225281
IMG/imagem2914.jpg,0.22066881179809572,0.5644845366477966
IMG/imagem2915.jpg,0.19248897671699525,0.5870284128189087
IMG/imagem2916.jpg,0.4968529486656189,0.3277739989757538
IMG/imagem2917.jpg,0.3666831207275391,0.4153573536872864
IMG/imagem2918.jpg,0.41794944286346436,0.41794944286346436
IMG/imagem2919.jpg,0.44049331903457645,0.4066775250434876
IMG/imagem2920.jpg,0.4579473328590393,0.2997560250759125
IMG/imagem2921.jpg,0.5363047218322754,0.23194072961807252
IMG/imagem2922.jpg,0.4883687233924866,0.22063679218292237
IMG/imagem2923.jpg,0.5757564949989319,0.05722580075263978
IMG/imagem2924.jpg,0.8467007279396057,0.09244377911090851
IMG/imagem2925.jpg,0.6312078833580017,-0.0
IMG/imagem2926.jpg,-0.0,-0.0
IMG/imagem2927.jpg,0.5317496657371521,-0.0
IMG/imagem2928.jpg,0.5814787745475769,0.026138300076127052
IMG/imagem2929.jpg,0.5649024248123169,0.37424206733703613
IMG/imagem2930.jpg,0.5483260750770569,0.40739479660987854
IMG/imagem2931.jpg,0.5897669792175293,0.39910662174224854
IMG/imagem2932.jpg,0.5571348071098328,0.36920320987701416
IMG/imagem2933.jpg,0.5571348071098328,0.4587126076221466
IMG/imagem2934.jpg,0.5392398834228516,0.5929247140884399
IMG/imagem2935.jpg,0.5731906294822693,0.35766568779945374
IMG/imagem2936.jpg,0.44883573055267334,0.6063433289527893
IMG/imagem2937.jpg,0.5649024248123169,0.43225935101509094
IMG/imagem2938.jpg,0.5660822987556458,0.2349911332130432
IMG/imagem2939.jpg,0.6726488471031189,-0.564838171005249
IMG/imagem2940.jpg,-0.0,-0.0
IMG/imagem2941.jpg,0.6229197382926941,-0.35760143399238586
IMG/imagem2942.jpg,-0.0,-0.796907365322113
IMG/imagem2943.jpg,0.4676600992679596,-0.0
IMG/imagem2944.jpg,0.6312078833580017,-0.17526137828826904
IMG/imagem2945.jpg,0.6394960880279541,-0.29958415031433105
IMG/imagem2946.jpg,0.6643606424331665,-0.22499048709869385
IMG/imagem2947.jpg,0.5929247140884399,-0.297554075717926
IMG/imagem2948.jpg,0.5068851113319397,-0.07580316066741943
IMG/imagem2949.jpg,0.5814787745475769,-0.02607404999434948
IMG/imagem2950.jpg,0.6892251968383789,-0.0
IMG/imagem2951.jpg,0.5213449001312256,0.13656894862651825
IMG/imagem2952.jpg,0.44883573055267334,0.7803952097892761
IMG/imagem2953.jpg,0.43225935101509094,0.22505472600460052
IMG/imagem2954.jpg,0.5234615206718445,-0.0
IMG/imagem2955.jpg,0.6913468837738037,-0.0
IMG/imagem2956.jpg,0.5068851113319397,0.30793657898902893
IMG/imagem2957.jpg,0.5068851113319397,0.11730833351612091
IMG/imagem2958.jpg,0.7223779559135437,-0.09237952530384064
IMG/imagem2959.jpg,0.6823993921279907,-0.44969579577445984
IMG/imagem2960.jpg,0.6734519600868225,-0.20807935297489166
IMG/imagem2961.jpg,0.7897691130638123,-0.0
IMG/imagem2962.jpg,0.6892251968383789,-0.0
IMG/imagem2963.jpg,0.6645044684410095,-0.0
IMG/imagem2964.jpg,0.6734519600868225,-0.0
IMG/imagem2965.jpg,0.7389543056488037,-0.0
IMG/imagem2966.jpg,0.6287145614624023,0.3155183792114258
IMG/imagem2967.jpg,-0.0,-0.0
IMG/imagem2968.jpg,0.34937751293182373,-0.0
IMG/imagem2969.jpg,0.6376620531082153,-0.0
IMG/imagem2970.jpg,0.6376620531082153,0.3155183792114258
IMG/imagem2971.jpg,0.2976234257221222,0.7987165451049805
IMG/imagem2972.jpg,0.6287145614624023,0.38709816336631775
IMG/imagem2973.jpg,0.6823993921279907,0.04709422215819359
IMG/imagem2974.jpg,0.7140897512435913,0.11730833351612091
IMG/imagem2975.jpg,0.6726488471031189,0.5151733160018921
IMG/imagem2976.jpg,0.7058015465736389,0.46541208028793335
IMG/imagem2977.jpg,0.7058015465736389,0.43225935101509094
IMG/imagem2978.jpg,0.7140897512435913,0.13388469815254211
IMG/imagem2979.jpg,0.7223779559135437,-0.12553226947784424
IMG/imagem2980.jpg,0.6726488471031189,-0.4404832720756531
IMG/imagem2981.jpg,0.6975134015083313,-0.19183774292469025
IMG/imagem2982.jpg,0.6645044684410095,-0.27071166038513184
IMG/imagem2983.jpg,0.7058015465736389,-0.40733054280281067
IMG/imagem2984.jpg,0.6823993921279907,-0.27965912222862244
IMG/imagem2985.jpg,0.7223779559135437,-0.28300777077674866
IMG/imagem2986.jpg,0.7223779559135437,-0.03436223417520523
IMG/imagem2987.jpg,0.7886834144592285,-0.0
IMG/imagem2988.jpg,0.7223779559135437,-0.0
IMG/imagem2989.jpg,0.6643606424331665,0.35766568779945374
IMG/imagem2990.jpg,0.5068851113319397,0.5234615206718445
IMG/imagem2991.jpg,0.5566142201423645,0.42397117614746094
IMG/imagem2992.jpg,0.7058015465736389,0.09244377911090851
IMG/imagem2993.jpg,0.6229197382926941,0.47370028495788574
IMG/imagem2994.jpg,0.45712390542030334,0.5151733160018921
IMG/imagem2995.jpg,0.2349911332130432,0.6466095447540283
IMG/imagem2996.jpg,0.44054752588272095,0.40739479660987854
IMG/imagem2997.jpg,0.6645044684410095,0.38709816336631775
IMG/imagem2998.jpg,0.6892251968383789,0.42397117614746094
IMG/imagem2999.jpg,0.6892251968383789,0.38253024220466614
IMG/imagem3000.jpg,0.7223779559135437,0.042714670300483704
IMG/imagem3001.jpg,0.7223779559135437,0.09244377911090851
IMG/imagem3002.jpg,0.7223779559135437,0.08415558934211731
IMG/imagem3003.jpg,0.7360842823982239,-0.0
IMG/imagem3004.jpg,0.7721070647239685,-0.0
IMG/imagem3005.jpg,0.7721070647239685,0.001273746252991259
IMG/imagem3006.jpg,0.7721070647239685,0.001273746252991259
IMG/imagem3007.jpg,0.7638188600540161,-0.0
IMG/imagem3008.jpg,0.6376620531082153,0.4408176839351654
IMG/imagem3009.jpg,0.6477842926979065,0.42397117614746094
IMG/imagem3010.jpg,0.6376620531082153,0.3065709173679352
IMG/imagem3011.jpg,0.6892251968383789,0.31622475385665894
IMG/imagem3012.jpg,0.6726488471031189,0.38253024220466614
IMG/imagem3013.jpg,0.6975134015083313,0.10902014374732971
IMG/imagem3014.jpg,0.7450317144393921,-0.029129916802048683
IMG/imagem3015.jpg,0.6108196377754211,-0.431766152381897
IMG/imagem3016.jpg,0.40739479660987854,-0.6145672798156738
IMG/imagem3017.jpg,0.43225935101509094,-0.6560081839561462
IMG/imagem3018.jpg,0.6643606424331665,-0.4819242060184479
IMG/imagem3019.jpg,0.8218361735343933,-0.0
IMG/imagem3020.jpg,0.6063433289527893,0.38253024220466614
IMG/imagem3021.jpg,0.5980551838874817,0.5897669792175293
IMG/imagem3022.jpg,0.4587126076221466,0.6734519600868225
IMG/imagem3023.jpg,-0.0,-0.0
IMG/imagem3024.jpg,0.36595386266708374,0.38253024220466614
IMG/imagem3025.jpg,0.35766568779945374,0.6063433289527893
IMG/imagem3026.jpg,0.44054752588272095,0.46541208028793335
IMG/imagem3027.jpg,0.5034499764442444,0.32446587085723877
IMG/imagem3028.jpg,0.5649024248123169,0.35766568779945374
IMG/imagem3029.jpg,0.583977222442627,0.10972652584314346
IMG/imagem3030.jpg,0.6063433289527893,0.15874925255775452
IMG/imagem3031.jpg,0.575029730796814,0.08288411051034927
IMG/imagem3032.jpg,0.6063433289527893,0.29136019945144653
IMG/imagem3033.jpg,0.6146315336227417,0.26649564504623413
IMG/imagem3034.jpg,0.6394960880279541,0.08415558934211731
IMG/imagem3035.jpg,0.6018721461296082,0.011304333806037903
IMG/imagem3036.jpg,0.6229197382926941,0.0178501158952713
IMG/imagem3037.jpg,0.575029730796814,0.06498916447162628
IMG/imagem3038.jpg,0.37815070152282715,0.4855550229549408
IMG/imagem3039.jpg,0.40499311685562134,0.4945025146007538
IMG/imagem3040.jpg,0.4676600992679596,0.4408176839351654
IMG/imagem3041.jpg,0.4766075611114502,0.38709816336631775
IMG/imagem3042.jpg,0.5483260750770569,0.35766568779945374
IMG/imagem3043.jpg,0.6229197382926941,0.5483260750770569
IMG/imagem3044.jpg,0.5483260750770569,0.20019017159938812
IMG/imagem3045.jpg,0.5234615206718445,-0.37417781352996826
IMG/imagem3046.jpg,0.19025377929210663,-0.6107502579689026
IMG/imagem3047.jpg,0.14551641047000885,-0.539170503616333
IMG/imagem3048.jpg,0.24163110554218292,-0.42390692234039307
IMG/imagem3049.jpg,0.4587126076221466,-0.1364995837211609
IMG/imagem3050.jpg,0.44054752588272095,-0.4902445077896118
IMG/imagem3051.jpg,0.44054752588272095,-0.34931325912475586
IMG/imagem3052.jpg,0.39604562520980835,-0.297554075717926
IMG/imagem3053.jpg,0.45712390542030334,-0.30787232518196106
IMG/imagem3054.jpg,0.46541208028793335,-0.31616050004959106
IMG/imagem3055.jpg,0.4945025146007538,-0.19018441438674927
IMG/imagem3056.jpg,0.5213449001312256,-0.1364995837211609
IMG/imagem3057.jpg,0.5649024248123169,-0.14210863411426544
IMG/imagem3058.jpg,0.5571348071098328,-0.0
IMG/imagem3059.jpg,0.6063433289527893,-0.0
IMG/imagem3060.jpg,0.5571348071098328,-0.0
IMG/imagem3061.jpg,0.5151733160018921,0.6809369921684265
IMG/imagem3062.jpg,0.26649564504623413,0.7140897512435913
IMG/imagem3063.jpg,0.44054752588272095,-0.0
IMG/imagem3064.jpg,0.6394960880279541,0.2747838497161865
IMG/imagem3065.jpg,0.6197671294212341,-0.0
IMG/imagem3066.jpg,0.5814787745475769,0.37424206733703613
IMG/imagem3067.jpg,0.4766075611114502,0.2976234257221222
IMG/imagem3068.jpg,0.6477842926979065,0.16703744232654572
IMG/imagem3069.jpg,0.6892251968383789,-0.12553226947784424
IMG/imagem3070.jpg,0.6555569767951965,-0.1186046376824379
IMG/imagem3071.jpg,0.6726488471031189,-0.13382044434547424
IMG/imagem3072.jpg,0.6555569767951965,-0.06491980701684952
IMG/imagem3073.jpg,0.6809369921684265,-0.15868499875068665
IMG/imagem3074.jpg,0.6643606424331665,-0.10066771507263184
IMG/imagem3075.jpg,0.6376620531082153,-0.0
IMG/imagem3076.jpg,0.6018721461296082,-0.0
IMG/imagem3077.jpg,-0.0,-0.0
IMG/imagem3078.jpg,0.34937751293182373,-0.0
IMG/imagem3079.jpg,0.4903087615966797,0.2996484041213989
IMG/imagem3080.jpg,0.4903087615966797,0.30793657898902893
IMG/imagem3081.jpg,0.39910662174224854,-0.0
